Year,Andorra,Angola,Anguilla,Antigua and Barbuda,Argentina,Armenia,Aruba,Australia,Austria,Azerbaijan,"Bahamas, The",Bahrain,Bangladesh,Barbados,Belarus,Belgium,Belize,Benin,Bermuda,Bhutan,Bolivia,Bosnia and Herzegovina,Botswana,Brazil,British Virgin Islands,Brunei Darussalam,Bulgaria,Burkina Faso,Burundi,Cambodia,Cameroon,Canada,Cape Verde,Cayman Islands,Central African Republic,Chad,Chile,China,Colombia,Comoros,"Congo, Dem. Rep.","Congo, Rep.",Cook Islands,Costa Rica,Cote d'Ivoire,Croatia,Cuba,Curacao,Cyprus,Czech Republic,Denmark,Djibouti,Dominica,Dominican Republic,Ecuador,"Egypt, Arab Rep.",El Salvador,Equatorial Guinea,Eritrea,Estonia,Ethiopia,Faeroe Islands,Falkland Islands,Fiji,Finland,France,French Guyana,French Polynesia,Gabon,"Gambia, The",Georgia,Germany,Ghana,Gibraltar,Greece,Greenland,Grenada,Guadeloupe,Guam,Guatemala,Guinea,Guinea-Bissau,Guyana,Haiti,Honduras,"Hong Kong SAR, China",Hungary,Iceland,India,Indonesia,"Iran, Islamic Rep.",Iraq,Ireland,Isle of Man,Israel,Italy,Jamaica,Japan,Jordan,Kazakhstan,Kenya,Kiribati,"Korea, Dem. Rep.","Korea, Rep.",Kosovo,Kuwait,Kyrgyz Republic,Lao PDR,Latvia,Lebanon,Lesotho,Liberia,Libya,Liechtenstein,Lithuania,Luxembourg,"Macao SAR, China","Macedonia, FYR",Madagascar,Malawi,Malaysia,Maldives,Mali,Malta,Marshall Islands,Martinique,Mauritania,Mauritius,Mayotte,Mexico,"Micronesia, Fed. Sts.",Moldova,Mongolia,Montenegro,Montserrat,Morocco,Mozambique,Myanmar,Namibia,Nauru,Nepal,Netherlands,New Caledonia,New Zealand,Nicaragua,Niger,Nigeria,Niue,Northern Mariana Islands,Norway,Oman,Pakistan,Palau,Panama,Papua New Guinea,Paraguay,Peru,Philippines,Poland,Portugal,Puerto Rico,Qatar,Reunion,Romania,Russian Federation,Rwanda,Saint Pierre et Miquelon,Samoa,Sao Tome and Principe,Saudi Arabia,Senegal,Serbia,Seychelles,Sierra Leone,Singapore,Sint Maarten (Dutch part),Slovak Republic,Slovenia,Solomon Islands,Somalia,South Africa,South Sudan,Spain,Sri Lanka,St. Helena,St. Kitts and Nevis,St. Lucia,St. Vincent and the Grenadines,Sudan,Suriname,Swaziland,Sweden,Switzerland,Syrian Arab Republic,"Taiwan, China",Tajikistan,Tanzania,Thailand,Timor-Leste,Togo,Tonga,Trinidad and Tobago,Tunisia,Turkey,Turkmenistan,Turks and Caicos Islands,Tuvalu,Uganda,Ukraine,United Arab Emirates,United Kingdom,United States,Uruguay,Uzbekistan,Vanuatu,"Venezuela, RB",Vietnam,Virgin Islands (U.S.),Wallis and Futuna,West Bank and Gaza,"Yemen, Rep.",Zambia,Zimbabwe
2000,8726.098424,224833.1697,951.187,3136,1798155.866,45356.7767,5367.133765,2727898.696,918644.5449,245041.6391,16828.3,72941.2573,534147.0873,11147.30238,628147.9067,1453551.243,8416.133322,69557.15059,4487.6,43965.3834,115436.3981,92102.90112,58735.36116,5850772.736,826.54941,23137.68031,358729.0015,77090.32032,52531.49482,123191.4402,247251.0972,7181939.544,2994.3401,3246.2,21196.29,48040.9055,753014.4438,30187188.73,808490.0881,2262.703345,572122.4519,19617.50261,482.2,92251.86746,179901.9812,247723.2845,399065.1351,30958.83205,56793.73266,1005138.474,583246.612,5456.206615,1533.89773,196250.8909,258007.1539,1183682.634,124569.7767,7507.872723,22103.1639,100578.6172,1073919.057,9024.7338,434.28818,19823.84828,979820.0987,6128135.173,6310.1025,5079.245749,55904.91689,6855.16,95492.36693,8638440.514,222921.0162,3775.65624,742571.6854,4454.8842,2238.457585,16212.3364,6267.24,249103.0863,116187.2256,20893.6271,28471.15799,71167.18453,113861.7007,379693.3139,654685.9804,72475.01525,12080447.48,4622835.919,3647070.778,757869.792,421836.261,0,425631.051,5041057.799,89703.15296,12009265.26,142616.8106,864579.4754,392020.4254,332.893436,704826.9297,4273729.063,31866.94897,297003.0509,71091.48719,64711.1835,135110.5899,134372.2478,45546.4739,43276.15,286112.8073,0,156495.0059,133995.352,16623.8,65049.51611,91973.57255,53160.82413,1152052.155,5218.877295,49570.4129,13289.78243,970.803,15198.8105,21914.49845,27151.10492,1632.7175,3682527.698,1228.586,66690.23929,61259.41541,0,278.5,345610.501,272783.0828,476455.7047,39598.67066,901.6,336176.8451,2011795.039,21955.99185,473354.0814,78542.73515,57403.28887,3268333.143,56.94258,1145.52,738775.3882,125592.57,2018981.891,1891.40544,81945.84992,90648.97664,152644.8665,438838.3116,989970.116,2236322.447,710306.8648,70718.4,150744.9385,28341.88945,916492.8646,15973725.88,51729.803,466.08,2896.57259,1276.626,2059929.674,59940.82462,288897.6573,6486.1081,46653.3973,233973.7914,0,421065.6386,184572.231,4837.66426,71216.09788,2111486.39,0,3186063.402,302370.6123,128.937969,1884.2465,3073.40223,1680.074795,307005.9023,22792.18558,42778.29532,1405377.336,787630.8225,346092.7785,1711312.13,75350.7607,505001.3071,1881672.77,0,53531.04316,1189.72528,84818.91582,223033.6412,2277081.74,386063.4882,511.5838,61.683,286091.0566,2978131.967,927510.8894,5827733.822,58330543.36,102193.9265,1481601.045,1678.13618,1295224.219,1044885.148,3096,0,25927.131,136443.2903,208857.5969,361585.362
2001,8776.122585,233109.8034,1034.107,3182.8,1739062.994,45878.45198,5374.66252,2751918.242,978369.3306,245775.8782,15931.555,77321.86427,576925.6744,10774.54427,631055.3044,1501271.51,8793.641514,75283.31135,4513,44411.0844,114969.3187,92356.41186,63751.06382,5854749.735,841.96419,22406.8325,358730.6762,68273.4589,74884.20992,123997.1899,249871.8246,6925804.434,3142.9141,3369.7,21245.49,48858.1237,754052.8958,30940867.04,814895.9339,2339.21125,591400.8656,22572.54605,442.8,96598.39388,178611.7769,260201.1627,406312.1091,31324.88398,57250.05199,1028910.203,599648.3173,5441.49922,1628.95406,189902.8647,262872.9691,1318451.958,126172.7768,16725.58472,23606.01576,110451.3846,1115541.668,9952.5323,445.52884,21976.07974,1001913.047,6355446.091,6968.97645,6912.290743,57791.07029,7321.595,80110.77548,8812552.193,217107.9794,3908.461536,770227.8021,4504.4842,2346.17448,17587.73425,6249.6,254743.8782,117433.6297,21225.39545,28836.76326,71632.58922,121884.405,378993.5321,689210.1657,73380.03394,12162916.05,4767940.568,3805590.102,801767.134,435793.9218,0,422700.3328,5118429.696,89235.11059,11937914.87,141739.1317,859807.4026,399973.5032,314.137052,726325.2685,4342948.967,38028.91374,294652.3721,59617.39432,65582.81081,148453.6703,144731.3958,45913.96795,45129.59794,295271.0974,0,162562.2234,140060.3924,16610.5,58011.2541,97051.87927,54110.8989,1217899.592,5464.84064,50624.8024,12865.40838,996.053,15387.8924,22495.20585,27870.6065,1718.1875,3598187.962,1829.126,72381.60774,66048.57032,0,278.5,356707.4469,285996.7492,472981.8749,47380.29901,825,347487.4016,2048359.536,20352.05185,481372.5989,77155.5227,59453.4811,3422636.652,59.29077,1182.6,749108.5362,148978.9881,2053804.134,1922.873274,83569.99338,94236.75629,155526.5991,422338.2584,991340.9581,2261305.878,722797.5964,72374.4,156681.0254,29217.3599,935424.36,16043337.71,51902.09393,466.08,3052.17259,1250.506,2090044.154,63591.58861,332443.5593,7335.4541,47584.5701,240230.2104,0,440483.8496,190655.7351,4861.81558,73154.75134,2101181,0,3347284.049,296882.8898,119.0525413,1910.1865,3514.18275,2000.742795,319423.1137,22889.65428,39870.07692,1379686.294,812180.3336,367458.5632,1714311.511,74231.25224,527863.7472,1922309.851,0,51236.00687,1087.89789,97453.75712,231272.4681,2036230.753,389039.7169,544.096245,62.113,311237.0561,3017270.592,1094810.644,5891949.453,57219712.6,99862.13009,1497142.112,1721.19117,1366500.428,1108884.949,3132,73.60468,26964.9915,149629.575,216000.9895,350181.105
2002,8962.059128,244606.2956,979.567,3274.3,1659976.393,46138.15919,5536.032855,2773429.979,982292.4041,260924.3486,15755.587,82494.19512,602080.0526,10843.40799,623666.4816,1417123.655,8665.82183,80978.74099,4773.3,45688.314,118992.8753,92304.20246,65032.97825,6098574.564,897.35366,23378.58878,358101.3164,55795.93677,76252.88876,144442.8415,265430.434,7126272.94,3267.3151,3476.5,21245.49,49743.45445,761939.6128,32272543.97,802343.4051,2379.047735,611337.3186,22255.81463,380.42,99711.19595,179831.3499,263807.7978,322705.8999,31386.59741,58345.23514,1003249.641,590297.6856,5418.816205,1319.03615,233241.8969,271134.0698,1320196.932,126482.7256,26077.70295,24405.73643,108683.8014,1149625.947,9647.5408,481.18487,19679.82688,1027020.868,6224770.076,7070.40235,7214.200819,70602.67829,7274.945,80263.13314,8671255.271,211186.4625,3961.843236,784884.491,4333.2342,2439.200516,17180.6671,5769.36,257203.8325,118725.6456,21594.14146,29727.81644,85110.1915,126392.1232,343975.5138,691591.9525,76325.61521,12583836.53,4732272.046,4011802.185,777756.9245,435905.1232,1900.8,429072.9774,5133114.939,92865.52674,12084228.96,145730.4919,815056.1628,411058.8517,438.489963,697244.0488,4516602.275,37975.49017,296620.1262,72614.18448,66673.15513,150361.5951,135120.1777,46344.87365,46667.12268,307730.5118,0,169664.7528,140233.1816,13506.60875,60227.45294,89304.31777,55477.66674,1284451.709,7044.715215,50907.4459,11461.07192,1073.816,15778.4816,24091.4917,27774.22637,1769.8118,3679360.426,1469.511,78080.13562,68547.42004,0,374.5,364342.3698,292217.9572,481637.9583,43798.19854,784.6,351306.5587,2046529.779,23032.11085,502121.0399,80969.19509,61370.86802,3525559.794,56.0944,1169.28,737378.7973,164643.1048,2120949.688,1906.91028,82698.92964,95969.92257,152404.1255,434896.23,977706.4346,2243913.115,743056.4749,75585.6,198748.6939,29367.5485,925789.026,15607384.73,51866.37839,509.08,3092.27259,1329.361,2289260.262,67564.6106,359819.6629,6025.0025,47506.6483,249624.5104,0,443803.5633,189818.5007,4865.0669,75919.20697,2229251.695,0,3408736.685,300602.4848,121.2276215,2040.8565,2938.22229,2218.0787,337681.9997,17369.9865,38310.18416,1379102.026,791153.4704,361683.7518,1800066.219,75571.15385,552509.0523,2070748.951,3142.64,55149.07388,1181.834635,101912.0711,234446.858,2232953.58,410135.4111,637.62338,64.59,321470.4164,3061787.916,1063553.084,5738773.324,57240371.73,94784.42092,1558806.6,1571.33365,1408835.382,1191377.093,3132,198.349766,30655.963,153813.528,222588.9193,345534.2594
2003,9087.872793,268912.2606,1081.847,3544.3,1777076.332,53646.76631,5621.33215,2770027.701,1038803.486,267594.2978,15696.9635,87163.10514,632100.7065,10766.77867,635720.6556,1468020.531,8225.928314,85916.61104,4613.3,45882.76975,124426.63,89421.00451,63764.00104,6193283.832,989.36844,24592.76078,382054.1248,57311.1908,77005.48962,148248.3497,273003.476,7311590.631,4163.047875,3676.5,21082.341,53612.434,761392.9842,35505254.39,811386.5582,2762.70403,634631.5015,26533.9706,440.54,104599.3687,170888.68,282139.3666,292350.0089,31646.0534,61595.69918,1047597.692,603211.9958,5454.067255,1487.861615,201782.0724,273646.1498,1328790.716,128718.5187,27007.20365,24970.32641,113969.5108,1186715.175,9494.8393,524.675005,20962.87993,1041126.699,6346281.395,6976.05875,7356.39025,84494.06201,7378.515,83330.46655,8839115.931,197632.3256,4022.4681,826973.261,4105.2436,2587.314979,18007.99495,5244.12,247102.3402,119999.0656,22416.70455,27094.46412,82698.5947,137345.7969,337234.4308,722138.008,76221.90817,12722743.67,4929878.288,4214302.545,630798.1511,450561.0585,1935,450503.9924,5405876.334,94248.04997,11868159.64,152566.6571,941133.648,410148.5158,431.873785,714475.7453,4546039.917,38639.43292,346687.5135,82032.22361,68780.06954,157440.5947,135963.3992,46692.5183,48986.68764,314179.8585,0,174764.652,149752.2901,13731.30875,67997.8188,94603.48085,56218.80724,1343501.415,5953.30152,51274.6001,13187.58264,1077.466,15954.9231,25816.89865,29232.69815,1866.4904,3838287.125,1459.661,84624.7739,73284.99358,0,369.5,362540.7479,308775.6208,515257.8786,45626.53223,650.2,361485.7999,2080159.873,24702.38235,502166.8435,78497.35024,63991.84669,3696696.081,55.72282,1145.52,741223.6195,168480.8932,2248713.951,1927.80264,79720.69133,99116.63297,154739.6481,429066.8646,980680.6535,2307369.512,739756.2298,78699.6,194888.0875,28885.82845,967894.2919,15924957.07,51640.15247,596.38,3172.07259,1428.881,2391677.973,67448.92932,379608.3219,6436.1605,48143.5756,262515.7094,0,422447.492,195136.3229,4959.8876,78407.25121,2334852.337,0,3630282.715,311639.0152,110.6707744,2088.8412,3340.6099,2302.898375,343820.7278,17830.61824,36124.93067,1372073.185,816105.0399,347926.4713,1826781.603,76289.60873,572921.4608,2194291.287,3050.923,59845.15624,1450.20338,99519.35677,252356.0206,2386685.424,471600.0216,666.568785,64.195,333664.4245,3166804.206,1067511.913,5784580.474,58069490.9,92729.16266,1498018.199,1625.372941,1410191.863,1266749.039,3168,195.791269,34648.28,182751.0567,230152.206,342444.5266
2004,9616.479971,283879.0658,1289.917,3661.5,1874538.17,60484.14565,5738.34785,2829457.401,1051952.006,268041.8668,15741.54605,91263.992,648625.4618,11065.95171,639549.2749,1473503.69,7935.848782,89805.64583,4622.2,45994.21435,135570.7193,100137.4541,59410.39892,6546518.077,1048.35791,25371.63119,380532.0137,74541.98057,78205.83554,119610.3027,281032.4605,7414209.685,4469.668675,3411.9,21197.541,54408.86425,796620.4263,41469975.08,821107.8054,2909.17877,656936.0505,28373.39932,473.16,117223.5336,212582.9278,289324.2504,290006.0289,32322.47281,63311.44982,1059999.035,608641.3962,5440.895465,1453.687945,192534.7291,302869.302,1308725.268,130775.4935,32590.89566,19714.25956,116297.4972,1222424.225,9801.777,578.300975,24985.62925,1050289.344,6416317.348,7336.6251,7450.832678,99123.24362,7535.885,84234.73162,8763328.404,200114.3443,4459.863096,816888.8926,8071.038478,2480.056071,17408.9678,5719.68,253660.5856,121288.7089,22887.9098,28575.92384,85183.5861,142752.5048,314135.1853,713900.1021,78349.97488,13273593.71,5118241.039,4539653.456,712606.3809,463591.8873,2016,458834.1753,5427240.444,112785.4,11984792.33,171854.4492,1039034.932,424525.1077,453.9345077,731207.8309,4586270.082,38762.10616,348528.5331,78364.3356,73322.45889,161719.0437,153473.8947,47385.91635,51327.07332,331783.8034,0,182476.277,166599.7221,14815.95875,66712.01065,97633.98991,56034.42413,1458152.076,7845.6769,52335.5749,14225.15542,1141.429,15549.0842,27455.0211,29682.10926,1978.1433,4024906.66,1470.89735,95274.61146,77562.14472,0,369.5,434531.3085,320790.397,524237.0573,47594.24449,582.29,366494.6362,2099169.536,23867.41735,511734.2258,80919.4559,65877.74888,3754682.465,50.09382,1117.44,759137.5132,150704.3684,2392356.109,1918.27388,87119.68802,103182.9105,155347.0691,462586.5529,983757.9934,2368553.565,749386.2885,76737.6,233704.8314,30152.5584,982888.8137,15975106.14,51283.10975,552.66,3234.57259,1503.114,2518495.769,72984.33947,429545.6671,8389.2865,48083.712,274455.5419,0,417552.1179,199929.3715,4917.7883,80605.04775,2474992.614,0,3796583.332,318079.9045,54.54461158,2259.846703,3250.52501,2550.700955,358605.2815,18806.93813,34524.53793,1362955.758,821778.8657,390877.3453,1893136.522,81899.71139,594961.404,2376406.913,3192.4765,59615.25905,1354.89426,100039.8179,264676.9356,2465450.813,496317.7165,681.10715,69.74,345021.8867,3177952.021,1041348.181,5804854.383,58840911.06,95713.01129,1455557.767,1279.88072,1517016.432,1386476.195,3189.6,195.2825,33618.683,192537.618,237125.9075,328653.9192
2005,9827.606604,269964.2778,1303.917,3759.6,1929296.532,70126.34605,5936.448375,2815415.921,1073247.787,284915.8431,14732.07302,107917.9101,675708.4894,11494.63265,660173.996,1428974.518,8329.020987,94697.168,4873.34,47139.28758,140411.7905,105706.5261,62033.80594,6658619.48,1091.73873,25308.49424,398750.7064,97866.26331,79635.42044,119650.3285,285120.9125,7242928.66,5883.169875,3679.2,21229.941,55779.1434,812680.405,45785223.21,840376.2545,2824.75763,683352.0789,30868.56464,495.54,122767.2755,210231.0766,298839.8838,279918.7298,33020.1193,63476.45161,1052239.136,612556.2635,5638.25774,1369.97341,205303.213,309819.39,1544081.206,137271.8161,50793.14774,19242.57467,118013.834,1251591.316,9558.8975,580.0258,20747.01155,1010891.263,6383781.641,7682.48743,7650.98934,116346.9015,7640.515,82216.69402,8626259.145,196289.3257,4577.470308,838647.6085,8139.237972,2607.451713,17836.28565,5889.6,263122.1256,123794.3409,23244.55915,23765.79584,111818.6261,149604.4123,308927.9784,740094.1046,78480.81238,13900527.19,5094455.451,4891921.764,730968.0529,488027.2244,2094.3,440070.0681,5554547.927,116266.473,12017770.08,187040.0565,1232641.482,440985.6794,639.189912,763335.2826,4609055.15,40797.2259,424805.7908,75512.74799,74383.68472,166149.3899,145508.2984,48006.73998,54658.71422,345399.1514,0,193263.651,169985.5454,16785.25875,73022.23001,98970.35322,55666.8242,1500068.099,7222.37995,52852.2699,12129.1596,1142.759,15789.8865,27927.745,30048.83107,2114.3779,4189880.061,1389.59235,98483.29124,83726.20289,31138.86445,365.2,455680.8869,325304.2698,535554.7313,50236.61771,592.45,378027.7211,2065905.954,25964.69235,501770.856,81322.35167,67694.82008,3864189.14,47.6748447,1089.36,760218.7124,172302.6461,2468246.381,2022.27656,101372.4763,101469.9973,152969.804,452555.985,951040.6216,2398501.746,750720.9566,79560,240894.4462,30329.3497,980108.2342,15392924.27,59402.34229,600.421,3340.21259,1523.82,2643941.968,70984.0539,391378.3796,7673.9206,47207.63,298721.8998,0,436876.2515,203005.5809,4818.989,82655.65535,2594930.952,0,3923414.274,334743.7035,91.97857874,1962.786703,3302.47,2472.691305,382229.2587,20016.37904,33906.22989,1350116.056,833661.4227,506655.135,1922179.097,81377.99424,620270.0657,2421975.165,3104.607,60480.4194,1337.047905,115956.2312,268323.7221,2558487.957,503381.2667,781.870825,70.178,360927.418,3108192.941,1110509.888,5755949.587,58889188.25,97447.8956,1388859.992,1275.634185,1622786.179,1438017.294,2921.2488,195.2080665,33202.2665,203152.9144,245656.5963,337951.2528
2006,9458.987419,304594.7242,1567.497,3989.8,2065155.889,72798.82236,5948.259955,2843578.18,1068752.169,288625.3479,13169.57367,114616.2877,710968.0024,11718.33834,689354.6941,1431371.545,9732.039088,108200.4354,5383.22,48566.1495,153144.8541,109821.983,66079.00836,6855296.629,1201.68747,58325.68278,415432.7598,105265.7367,81224.82149,119028.0863,252048.9606,7064189.228,6401.377375,4000.5,21466.041,56596.0109,843631.1146,49175114.02,863945.1752,3018.466335,710335.9212,45199.68797,534.57,130630.1697,225219.8625,299570.7316,276793.3255,33843.20231,64390.68126,1058592.061,619249.91,5754.821275,1409.991365,212696.9344,321954.4949,1646457.132,139228.3496,60039.25002,18908.80297,118714.5369,1289489.141,9006.2313,667.711935,22983.71078,1062445.634,6269009.772,7541.24688,6765.95415,132220.7769,7819.565,83538.59238,8820320.967,197535.1918,4767.29982,857152.8458,8476.248297,2752.234546,18172.6912,5918.4,272119.3913,124796.65,23651.3813,22146.41709,114930.5489,153596.0656,317602.1488,729308.5728,83763.2142,14552475.55,5387428.707,5338056.663,718755.0317,513465.4676,2022.3,457780.2321,5477900.724,144002.5158,12027201.39,188775.7782,1237265.677,461660.8096,704.087749,773550.7815,4620144.56,42143.03089,432207.8857,76954.09576,80662.61532,172941.5937,122481.3171,48630.865,55869.56632,337777.082,0,203895.5271,168283.3181,18570.45875,73875.79292,115153.2503,55256.40623,1554035.49,8970.05161,55677.13565,12667.79142,1267.502,15843.8804,28286.735,31084.22671,2207.6965,4401518.447,1250.3697,96455.70774,99863.97228,32021.77684,360.9,470733.4377,332903.8561,529715.8201,49553.29008,433.86,378001.7211,2056811.429,26035.72035,504401.2968,81520.1361,69734.58718,3880791.98,68.2800901,1081.08,755956.2569,301425.9864,2580417.913,2144.40236,106579.3901,101262.9648,151227.3416,464166.6094,921273.3947,2499828.418,739943.7566,79405.2,267456.3009,31679.84,993220.287,15879365.75,60287.02977,597.541,3466.59469,1583.351,2859419.817,72138.73147,395208.9667,8153.9706,49390.147,309301.6922,0,422866.9675,206094.9369,4862.8897,84946.79308,2637461.43,0,3824542.908,336750.2274,79.94332189,1564.170203,3339.0075,2428.503935,425021.1179,20608.14136,33999.19708,1333078.502,826860.5104,534860.8948,1940088.721,84656.0493,640607.6142,2450006.336,3099.997,59805.25603,1569.416825,110984.4062,273439.5731,2797242.529,512009.9266,864.891405,70.6467,373537.7759,3110946.014,1126115.976,5660371.223,58707586.93,102615.6628,1419114.52,1177.986022,1505183.154,1457556.252,2934.3564,191.0912201,32891.5435,201673.7599,251498.6058,355827.4653
2007,9400.123993,327228.5231,1562.097,4139.74,2097408.442,82041.97885,6078.62398,2931287.788,1053752.372,260098.5861,13868.48759,120207.7172,741143.1911,12002.2587,679453.2889,1392944.676,9624.811976,117201.846,5021.94,50656.511,164870.0713,114988.4942,71400.43116,7285773.985,1238.4609,59703.68426,410970.259,113315.2015,82712.06945,121975.8029,221977.4371,7325548.92,6574.861375,4550.1,17450.796,58163.58625,887478.7593,52829271.79,885407.2981,2628.30851,736253.1761,37823.63494,574.11,143803.4334,227403.195,300558.2721,275201.839,35009.30984,67582.19516,1035956.085,620661.2385,5945.0695,1407.09932,216343.0929,328332.2892,1842116.135,116861.5848,69617.68194,19076.1075,127236.5171,1329995.97,9083.9712,668.34607,21758.16945,1061690.461,6131553.151,8203.32821,7794.09137,146425.9612,8739.6425,94838.93305,8247962.045,196795.0493,4696.501032,877509.6117,8865.3602,2917.116274,18459.59675,5884.56,290417.2564,126575.8282,24099.86104,24757.32954,120058.9183,169529.3935,326769.9429,688718.7192,91759.54165,15352261.19,5379974.026,5760538.864,710296.1466,509078.7479,2070.9,477026.4912,5431812.639,138642.3232,11890617.93,195629.1511,1514409.689,471697.2809,591.4817898,653185.0963,4710012.296,43936.36294,409495.2494,93450.50644,82545.7088,179101.3394,103398.5526,49436.76,57816.39568,320644.4451,2641.800003,214496.7141,164181.2171,17388.58375,77543.80654,115550.2179,56622.21191,1713840.329,9215.413445,58860.08931,12436.80566,1413.312,17038.7726,31754.73,30416.59958,2335.7153,4489156.88,1285.91735,92454.59232,103224.0886,35196.75288,416.1,484779.6074,345899.139,536056.3937,50181.43568,410.271,385961.7071,2014111.931,26765.30735,507773.3037,83128.28598,73249.15457,3983951.633,58.959554,1072.08,770084.153,352580.895,2749421.653,2172.11,99506.71264,105496.5563,154767.4485,502215.3267,938507.2265,2506838.964,756338.2187,78904.8,307968.2801,34637.17165,967666.9487,15901652,62437.22731,673.301,3611.15469,1600.116,3135890.382,84737.65003,418697.6683,6784.4981,48220.035,324022.2298,0,425869.866,203566.1935,4892.839,87667.23877,2732281.397,0,3925604.347,343827.7197,109.0022984,1618.170203,3432.279185,2444.1723,414496.4657,20270.97835,35220.21084,1338654.901,800670.7785,556953.9686,1957540.81,96394.95727,664093.2176,2495215.235,2973.1205,61707.2774,1346.06051,161908.9988,281704.9024,2962507.793,599810.5976,947.930255,77.4487,386918.2122,3250180.644,1317103.808,5569807.138,59567475.18,109136.6038,1420562.776,1942.740116,1404179.409,1561190.019,2966.3028,197.8528,34962.364,207218.046,248957.9299,361194.1474
2008,9411.102647,357847.0939,1580.287,4244.17,2203584.685,90912.84509,6092.51983,2979152.165,1062877.209,303223.8402,12939.04675,126332.5869,781742.5069,13226.93335,695059.2928,1438424.126,9221.551772,119843.0051,4840.56,52665.37575,178398.6688,135365.1474,74162.50499,7572616.468,1313.83433,62900.01299,402409.9277,121580.4675,84019.5253,122360.6116,228013.2955,7257781.166,6072.668375,4862.1,17429.896,59524.47075,904247.3538,54691192.12,928834.0856,2651.667515,762006.2248,43273.80184,586.42,145037.2415,231774.5491,304896.3831,256946.4699,35613.80003,69442.30667,1035789.953,612456.9526,5936.0975,1400.36791,210579.4184,352608.6954,1860717.627,110312.5922,62837.16,19124.42317,126659.1992,1368029.782,8168.1839,669.00003,19973.40501,1024572.636,6202354.744,7975.46615,7931.54472,163119.6121,8848.1475,95368.14457,8551613.944,197918.7027,4736.10816,847778.1819,9140.62951,2685.500284,18428.56365,5885.64,280870.8081,127140.298,24313.4202,24352.23359,120772.1816,165968.4364,330756.4464,692837.5674,105986.2043,16342885.25,5405548.759,5724333.343,701001.9111,512263.1443,2169.9,509961.7859,5426092.088,116088.4084,11169434.3,181702.682,1759561.441,480842.5082,684.6749841,720895.4076,4694513.642,48557.25036,432575.0262,99967.38624,87451.41188,170004.0929,136958.0573,50327.185,58933.35925,345973.7059,2720.260001,210662.6101,165619.1317,19203.28375,75087.66218,116671.1114,60374.85379,1745776.109,9792.79155,61440.48003,15186.82151,1455.125,17905.42644,32290.0795,30029.02751,2509.3345,4632979.614,1221.3797,90978.07543,105303.0442,35363.63873,503.59,503908.0499,356652.6836,504453.9249,52601.82476,416.085,397447.2718,2047177.435,24607.5594,501131.6572,82987.31642,75899.52457,4146128.922,90.0917886,1094.76,772286.1586,332674.9637,2692858.195,2110.4,106184.4493,105752.0594,162849.7309,518709.6858,929756.982,2548232.641,733598.0751,70021.44,349401.8996,35301.26145,1001257.729,16190521.69,64329.23573,636.321,3757.05139,1655.439,3450974.212,87375.45964,381714.6591,7529.8682,48638.504,332239.2435,0,440346.7737,219158.4228,4868.0115,89774.64327,2754795.788,0,3780877.347,329684.6256,85.53868441,1627.810203,3491.42395,2455.58372,423553.3933,21520.06826,35641.50135,1294681.568,829968.0371,563440.6615,1875726.384,91901.64164,690349.8546,2570943.435,3015.9445,66305.68171,1441.43477,162036.9056,285128.9512,2895616.461,589893.8688,987.21003,65.7718,400530.2805,3164056.744,1535192.294,5587780.359,58277353.04,129545.3698,1460677.303,1791.080635,1770000.808,1689681.99,2932.8984,183.1366,33559.187,222475.122,255453.0384,346045.8864
2009,9068.164536,380224.2001,1550.777,4605.39,2092699.088,78449.83006,6175.562715,2973610.851,1029673.247,259134.994,14503.22172,125552.3768,821040.3979,13154.75094,671619.4093,1380648.002,11036.0378,127523.9827,4845.77086,54377.4382,186684.5134,120946.3106,72646.38097,7406463.561,1390.26657,45406.18094,354184.8581,122119.5081,85294.93904,182438.6796,240299.8788,6882160.645,6556.018375,4632.585125,17426.296,59831.62526,901772.7876,56930962.32,891173.9871,2784.92393,788770.3019,46965.05219,548.75,140831.6847,220008.4688,295984.4025,303147.6823,34571.4543,68837.98396,1003267.812,586539.2371,6009.6395,1380.045,213506.2428,372585.9697,1865302.173,98629.3687,64745.79,19789.45448,114497.55,1405211.372,7369.2282,669.130165,16768.91181,960932.4809,5964436.191,8579.45527,7977.751735,178267.9569,10231.7475,98320.50846,8118725.87,220511.6384,5237.728668,823802.7229,8233.64736,2753.227003,17950.9092,5848.92,295327.5773,128797.1778,24815.79337,24323.91642,122673.5749,166541.1488,364633.478,666293.5903,107126.0606,17750414.76,5597449.857,5978894.635,694296.5835,468201.2611,2168.1,526417.5846,5120685.502,85885.9218,10876504.46,193702.8044,1463929.106,506526.2234,619.8565791,564520.3954,4640321.838,48635.25044,459567.7445,92586.64399,93249.16734,164956.445,182844.1711,51854.353,61159.78605,380093.3208,2635.719997,192055.6754,153586.7709,27789.5,70005.3894,115521.9833,58986.76203,1525335.646,10343.58256,66715.48503,14794.09967,1503.975,17773.65395,35348.1385,29732.5602,2631.1634,4387251.424,1503.64635,84415.01522,110500.7889,30160.19995,468.16,513896.5824,367450.3152,507365.1744,55275.47338,383.494,410289.276,1978798.743,25188.1988,488183.099,81855.37318,80899.19179,4142104.403,64.975616,1109.16,745930.4201,368099.4367,2763647.227,2068.56,116966.8409,108022.6234,168196.7351,571881.2085,948516.693,2523321.851,727172.2163,68239.08,382136.1861,36962.5431,907237.1896,15144024.67,66505.20053,625.561,3836.25536,1687.543,3552346.103,105864.8709,342649.3449,5715.7502,48650.092,379334.9238,0,403994.3803,201339.737,4912.2125,92024.58927,2875716.685,0,3508129.392,331268.4083,76.8736378,1654.892203,3594.30946,3265.285272,445892.3997,21288.87317,34892.2903,1266641.857,814647.9498,477937.9575,1807268.394,79323.36401,707702.9264,2625037.561,3111.8755,86537.17854,1577.09367,145616.904,284024.3896,2787172.815,539619.9885,973.98011,66.0958,413857.895,2651016.823,1736676.811,5194740.029,55341324.5,134053.6323,1259803.849,2201.915844,1770743.923,1828289.898,2780.7372,185.3057,40386.4255,239288.934,263847.9492,346388.869
2010,9128.9647,402508.3175,1565.747,4412.85,2181084.404,74672.12228,6226.001605,3019031.644,1086040.471,267149.6597,16696.82549,140457.5104,886089.7465,13129.13393,713427.5799,1473452.318,10556.31776,126785.9755,4867.24359,56604.8558,205327.957,127502.965,69442.47414,8125271.765,1428.54757,34960.40802,364001.7318,127045.7802,86990.53572,190154.2821,242839.7172,6936183.763,6463.49665,4481.564105,17362.25437,60876.75009,956080.2309,61093297.29,909914.1876,3068.555155,799117.2245,51671.89462,630.66,144526.4938,238017.1935,297224.7839,312981.4707,35240.67241,68278.04132,1010251.226,615520.5179,5926.3045,1388.070225,222103.0411,395924.2396,1938258.628,99951.85321,65303.655,20398.04773,120305.7302,1448918.549,7862.7779,673.190555,18089.40585,1056260.265,6172542.802,8406.24391,8226.426055,199491.3485,8837.7385,105317.0699,8638160.04,219750.4363,5287.50972,767000.0305,7933.08637,2822.082123,18742.13975,5895.72,348276.9065,135261.7321,25201.43898,23520.56747,121866.9042,166810.8205,339201.222,709079.3369,105260.2551,18684425.28,5748024.895,5985578.401,778158.1456,464716.085,2169.9,562692.0198,5199032.085,76811.70269,11269697.27,187719.2811,1603669.502,537847.2555,548.05183,534477.4258,4996197.954,49480.48163,493402.322,92018.57897,102744.5806,167632.9825,157448.5077,52663.17,65114.66395,417497.1871,2941.480004,198389.5502,163481.6447,23604.1,74650.35092,113747.0968,61921.0967,1623738.76,11351.45853,69993.40503,16856.9779,1577.908,17246.83266,35524.708,31117.84672,2674.1113,4601539.886,1149.48535,99440.5612,111864.4296,29830.28011,695.12,534351.78,379637.0433,517274.3252,57756.11051,388.257,422711.1348,2121847.841,27535.1253,500978.3366,84710.4777,86011.90261,4413169.348,62.2440293,1117.44,797381.3772,431874.449,2792750.47,2169.862,118117.3736,109808.4691,179735.5977,618816.7437,987826.6838,2717708.109,720995.2628,69433.92,405081.4411,38041.59825,914017.5866,15919962.76,68529.15716,670.721,3945.648645,1753.617,4003456.344,105185.7719,362864.3457,4615.2293,49670.4176,417851.9766,0,433831.778,209779.7815,4974.3755,94678.36827,2674101.791,0,3567336.354,364935.765,96.69228441,1720.083203,3695.50668,2511.56892,478311.0852,23391.90281,33081.3685,1371243.989,849291.752,497028.7607,1938621.08,81883.75968,745259.8622,2797820.894,3162.6935,84967.29601,1310.343665,153885.5828,301885.1947,2959162.498,607783.6465,1039.22846,66.6022,430226.7908,2862960.259,1823114.971,5454398.415,57655200.55,149229.8193,1228856.238,2234.299098,2015146.07,1925182.917,2890.5912,182.8696,43474.437,220556.6465,275145.3591,353016.071
2011,8665.6249,423581.5705,1456.167,4337.15,2250652.859,82083.09323,6266.36809,3087441.947,1045519.532,290811.946,19701.12048,141201.5047,934253.8982,12330.33524,711596.2317,1356267.135,11883.71734,126596.7321,4711.516148,58815.395,222464.4038,131607.285,71313.84814,8441443.493,1465.55043,37417.34786,380994.8644,129791.669,88662.51179,199258.3949,249441.5472,7189592.094,6898.13545,4803.790215,17488.9875,61729.96207,1019903.81,65459079.1,1026021.897,3052.3359,848593.3937,72884.56802,691.28,143534.4734,265994.3122,286614.5953,296126.335,35589.55846,66928.38448,976896.0794,584450.3589,6011.519,1368.929495,216938.7071,428053.031,2031245.028,101618.9114,68874.855,21062.07421,117387.2794,1498954.828,7180.4825,656.35808,19030.20458,1000087.644,5657173.471,8143.54225,7883.873135,156795.4088,9011.077,114597.6564,8211583.065,238230.1342,5097.722076,759050.2603,8648.51198,2711.935276,18465.40975,5824.08,352071.6126,137127.0952,25573.60542,25854.25223,125674.1708,174035.3952,354230.6617,712376.4419,105421.1119,19401668.04,5790761.698,6096614.221,909768.4451,423070.6134,2043.9,524487.8466,4967023.661,80890.48325,11088885.92,192493.8659,1774041.782,546216.1663,549.494445,396329.8568,5083834.753,52927.85088,518195.4212,113361.085,109115.8876,157194.0759,156462.7257,53596.4055,68798.96257,292360.0153,2840.08,197188.9016,163285.9536,26181.8,79448.46559,117799.7938,62644.24373,1593486.785,11942.80585,73061.62503,16300.92899,1658.398,17575.46666,37028.776,31001.87236,2654.1365,4750590.845,1254.5107,99990.0787,125513.1046,30065.32706,399.6084,565887.3437,394517.6841,527492.5455,59835.19165,350.183,437443.3954,1964456.19,28828.25343,496176.705,86773.98395,73564.42061,4614267.8,66.5392626,1137.96,760832.6648,524894.4687,2865335.472,2204.88,124061.1642,110913.4141,182350.38,649486.6447,984639.0636,2648204.633,686468.984,66652.56,384983.9218,38808.8334,922204.9577,16407544.85,71368.45753,683.281,3647.140235,1792.83,4110777.3,112152.6071,376304.7273,3064.2192,52125.1626,438145.4799,0,407082.1872,209318.6473,4978.0745,95630.243,2731277.862,0,3435926.518,372172.9837,92.3134,1778.4568,3739.97743,2331.660729,464553.0929,22010.67749,32260.6786,1300795.092,782009.2898,462983.7128,1975544.971,81959.54076,787012.767,2795679.848,3217.112,84889.79834,1170.113285,141679.4279,288075.7466,3163166.798,674301.1384,1040.28937,66.4494,446446.134,2917716.443,1881538.96,4966001.119,57123701.65,153087.4112,1365653.145,2341.6795,1835899.909,1969393.599,2864.88,186.007,40719.999,191939.4499,289479.2457,373974.6056
2012,8664.132292,434033.1212,1454.727,4492.95,2281795.952,86677.14326,6289.71356,3113111.385,1044662.494,298960.3799,23501.46482,140139.1461,964786.4722,12406.94192,735681.2174,1369680.512,10428.29791,126086.3612,4475.724178,60729.83795,247344.5466,127187.699,73387.90512,8708681.201,1462.46467,39743.03153,380311.4112,136984.7096,55723.20979,210067.7077,257152.6698,7175437.653,6708.3666,4427.48635,17600.246,62627.64447,1014321.34,67426526.34,1015172.056,3114.14325,699300.0188,75634.6676,723.55,142391.2258,288915.535,273407.0416,302813.4082,24072.84396,61858.25341,976261.8211,560788.9518,6171.7005,1383.510765,233787.0183,446827.2702,2041822.183,97443.7088,72412.7,21645.54666,118797.5192,1546323.195,7595.8738,669.79905,17516.37303,1009976.196,5861607.672,9036.65823,7781.17964,136974.972,9185.194,122587.7455,8300447.226,262635.6194,5197.326048,684435.7065,8628.67753,2650.087862,17792.31395,5628.6,356910.5486,134913.3207,25954.7149,27581.32937,123359.1216,188651.2627,356436.9797,673207.5462,108742.6678,19869435.09,6097101.774,6084072.41,1032695.196,416254.2518,2374.2,518757.206,4920561.235,79025.93374,11038188.17,213655.9209,1710920.287,553492.0711,593.7475,410661.6081,5120552.906,50959.09192,549973.3588,144479.3504,115279.9256,163767.6868,180278.5838,54644.06912,73023.36982,337962.6828,2895.419998,201827.541,159648.085,27802.5,77113.78031,121515.9905,62422.93205,1674056.015,13556.02907,76965.18003,17062.63351,1628.511,17966.48776,39502.865,31399.15781,2808.8913,4763988.564,1346.94335,96976.8806,136128.2754,29222.23115,420.3552,583188.3736,392824.6259,568202.8116,61067.4925,352.343,418156.1057,1964277.748,29756.30216,496709.3916,91083.75026,85340.21429,4821325.785,68.6488271,1149.48,765284.0705,609524.9785,2900509.784,2243.6,132871.3218,109477.6896,186456.5841,651071.6834,1011362.236,2632843.138,630972.3639,66439.8,478797.382,38499.0399,938882.5731,15986715.17,74450.59794,673.561,3698.341725,1892.724,4403949.973,111607.2345,348368.5974,4582.8556,53541.4776,436539.0466,7737.2035,387977.4838,204085.7335,5000.7255,97768.443,2817154.615,22712.42704,3294173.738,402778.7011,106.1508,1753.6518,3739.80221,2654.60302,412781.8455,25676.51396,32818.4101,1302068.842,811383.9205,344803.5791,1930258.365,89233.47774,833886.9238,3031807.413,3952.904,83241.832,1178.076411,155689.8843,299118.9759,3361427.688,701220.6296,1049.28937,72.2414,462026.3704,2781156.844,1936294.684,5128160.154,56628804.85,155389.4814,1410093.557,2142.4168,1996977.996,1999290.24,2606.112,176.3788,48423.32,168698.6068,313242.8108,390599.9279
2013,8488.88077,461798.8484,1260.797,4456.95,2278981.794,86396.04151,6355.381695,3191696.951,1076750.966,311835.1249,33444.90443,170118.0157,974607.8676,11518.24046,738221.8514,1428068.578,10624.05347,136694.1633,4857.806334,62276.04265,256700.4536,122047.5227,76302.25286,8886223.125,1463.37156,38152.46621,361138.6305,141587.6878,52640.75507,218031.4619,265545.9897,7325247.805,6545.46375,4547.172375,17633.412,64327.01498,1089062.21,69906541.02,1036340.936,3474.0981,800488.7783,80895.75862,717.81,144973.3928,305030.6538,269624.854,290954.5903,24163.61378,56958.31577,967528.868,553546.039,6273.529875,1451.367185,249437.6116,464576.9158,2033091.658,92260.24106,65038.58,22122.59065,119103.3231,1602226.102,8794.9053,670.045695,19986.27765,989907.7746,5997291.267,8620.69943,7724.192645,207016.8284,9027.70121,136002.9226,8524131.747,272282.7602,5541.522876,611811.0131,8569.06175,2703.427793,17693.7399,5578.56,392387.9427,131537.9812,26358.79787,25437.942,126154.9829,187332.4626,358681.3557,682526.442,112726.408,20586036.18,6268373.923,6341292.906,1040445.381,418537.1464,2354.4,473805.5022,4800898.346,86402.90786,11101470.1,205361.6189,1761351.214,578349.647,662.70268,310238.3631,5193184.633,51422.52881,539781.5571,141150.342,120670.273,156374.4679,173083.4843,55096.25843,73994.1101,372207.2318,2947.36,196535.384,157403.7927,27437.7,75789.70481,118553.5329,62606.83196,1864966.601,13368.13952,77003.25903,17614.20254,1621.834,18117.55546,38060.525,31840.06972,2927.8769,4768735.432,1524.9137,93058.24514,142428.8651,26774.87908,567.4688,594720.2862,405307.8213,602192.217,65326.13798,398.973,464999.657,1967402.901,30733.66,506175.244,93244.89269,105593.9012,4858124.7,70.4090083,1160.64,769047.3757,644064.5712,2915504.096,2287.9,134772.7571,112317.4131,184889.5485,699305.336,1067831.156,2585227.206,622462.7348,66069.72,493750.4544,38076.00005,896228.7526,15392751.15,76511.84516,691.901,3775.701135,1897.501,4461138.563,105156.2131,339829.3257,4015.8049,55904.7466,450286.3625,7895.0595,398392.6513,199589.4452,5024.05,103897.0736,2960203.378,22018.12999,3184941.549,370523.7195,94.363,1767.8058,3743.886375,2308.450464,417347.1322,23847.71972,35442.5267,1268221.16,830848.4793,282043.4889,1969976.025,83626.05463,862323.5438,3039774.81,4486.583,85847.90566,1261.034295,161268.4603,299472.1744,3275264.976,726125.2651,1068.184005,72.2414,485746.2213,2727453.556,2068864.933,5148987.349,57984073.56,162632.436,1204491.407,2027.427,1860913.904,2063887.121,2449.944,172.8164,50130.199,247869.027,324106.6775,391107.4937
2014,8250.474483,470738.2944,1425.767,4528.41,2333314.819,82616.031,6415.29269,3178199.964,1026838.993,330637.9181,25800.02623,184581.9444,1013717.646,11634.06284,712310.123,1332216.942,10777.77297,141200.2487,5290.4689,63389.0701,272028.0772,173371.7036,78911.80157,9055499.217,1507.454125,38386.75954,370644.8436,143716.6305,52244.17481,229567.8543,274986.8469,7346681.5,6392.9186,4578.516375,17704.9045,65465.82133,1017134.744,71536310.66,1055799.507,3363.1366,900592.11,83196.27961,750.08,146503.3752,315854.5366,255775.7988,298554.3022,24604.14888,57181.63968,937476.3526,528100.0502,6333.843795,1498.534975,219555.4989,501882.0574,2020801.097,95450.12212,69387.7045,22712.3433,116300.7629,1661628.128,7947.0455,670.403015,21885.71443,983154.9267,5516930.701,9689.25188,7525.374645,195569.8241,10026.85598,151781.6321,8130876.006,274905.8742,6004.122408,617459.4669,8031.62932,2793.870897,18047.7199,5680.8,435423.4319,131756.8765,26829.15852,26670.603,130960.2988,177232.4775,372229.3381,664831.8528,114097.8362,21562801.38,6462788.106,6661814.595,865465.8209,415531.0659,2277,491430.9672,4579683.827,85383.3802,10788730.79,216546.069,1567285.247,611659.8278,600.6808977,340515.919,5198648.491,51285.49484,588244.8138,136095.6184,121121.1909,158237.8033,197801.1792,55912.0955,79356.21133,361005.5321,2801.604461,200349.81,151031.2319,29246.8,75089.04383,122896.957,63279.81706,1970943.008,16117.14039,77088.9118,18192.90204,1586.034,18373.27116,41403.1074,32487.4746,3148.0121,4705185.921,1650.9887,96365.77528,136415.3643,26276.10559,507.2104,594640.1927,429362.4527,675534.7372,68305.12992,422.911,482487.2507,1783025.398,34077.97001,526354.6152,96868.52622,110595.9549,4820417.249,71.8704691,1172.52,744999.4851,684494.6985,3034559.104,2287.9,141569.3151,115614.4881,194255.6295,702175.0525,1111418.34,2509590.989,617562.6296,63437.04,570512.083,38733.96155,890117.4063,15995754.14,77835.46746,745.581,3842.345635,1904.343,4748624.431,109105.7053,318035.022,4179.3721,57771.2167,446879.2284,8055.7535,369226.2302,191111.9288,5089.1795,107560.9244,2950708.427,22751.48988,3120649.174,379016.4339,96.8426,1789.9558,3792.890755,2367.996,425497.1152,25163.04481,34100.5108,1253002.644,761255.7828,269130.3092,1962334.864,96193.48846,896522.2054,3080871.266,5023.0755,89140.53078,1251.83277,176368.7407,310861.1496,3353645.515,746409.5574,1147.096815,76.6714,506023.6327,2425477.298,1999142.572,4851580.858,59116385.16,172554.7752,1223015.108,2684.1015,1799706.74,2167386.408,2307.7224,171.249,64292.3725,243441.8628,332463.9072,395183.3435
2015,8317.479833,491789.1898,1618.957,4701.1,2385146.9,85141.75997,6507.92966,3233353.35,1053513.263,332414.0842,25636.48881,191733.4593,1111053.712,11307.92873,657957.2947,1394807.802,12219.94993,150352.426,5228.374598,62845.24925,278473.279,180007.4885,80179.77395,8876778.835,1511.995825,38929.99684,391131.1909,146862.6533,51690.01469,246145.5726,284268.9406,7205757.622,6499.4788,4692.328375,17654.481,66381.56766,1043328.579,73183146.53,1068688.697,3546.64845,900161.2464,85165.45726,693.62,151721.8446,282467.6536,270439.6053,299420.258,24714.21985,58918.65926,962826.338,546907.7001,4947.13949,1495.08353,226654.9301,494684.1108,2086104.92,103161.6216,67460.502,23499.50357,114898.9386,1708132.464,8295.0053,675.98697,23961.88165,967638.8553,5632162.574,9028.91404,7795.24708,197755.9618,10206.03008,157678.7399,8327614.785,283139.5513,6422.718672,656633.0099,7981.35474,2876.050414,18560.6999,5619.6,429959.3648,137987.0457,27257.4105,26619.104,136690.6464,198453.692,372163.061,707440.9583,118646.292,22241457.76,6513819.044,6565402.848,734476.5913,430018.1056,2270.7,512100.1521,4714561.631,82139.19635,10559777.56,229180.994,1586534.855,655000.7859,605.3605527,275615.7042,5312174.577,55849.10684,616547.205,139850.3825,122192.697,154231.4125,202341.1358,55693.27226,82192.82071,322939.9001,2873.642276,199779.9865,148287.2869,34125.7,77984.63471,131031.3151,60637.54141,1911611.656,15870.54697,77716.7778,19161.30888,1662.684,17907.10846,41714.4538,33474.93138,3248.9877,4793389.78,1651.817805,96135.83622,130283.4189,27696.89617,593.2684,604023.2721,435993.381,731366.0082,71287.30382,432.4006,483589.677,1823259.583,33328.6252,530286.6902,103807.4355,113793.6234,4987286.894,74.35236,1203.12,756219.7741,753718.831,3111795.097,2291.5,144680.275,115716.2284,204860.5008,738633.5394,1195481.371,2537766.018,625305.572,62946,578356.1365,39849.13407,893623.6838,15809140.43,79544.51823,738.741,4146.637665,1955.125,4773763.695,114203.5111,330294.2237,4277.6051,54796.5927,439604.8309,8338.3635,376732.2415,195249.1571,5078.3015,104906.4283,2942891.797,17653.6422,3159454.362,414835.5546,98.4956,1855.6128,3812.98052,2427.773,436080.0059,25154.67121,35582.6356,1276695.536,772440.4003,249253.9786,1966531.084,98813.96471,938634.1703,3157978.766,4862.325,92564.45395,1264.108525,171888.0692,318320.6874,3629552.495,753232.8691,1185.422585,88.266,528879.2358,1989251.047,2093160.892,4926228.068,58483061.91,184450.9394,1169202.042,2418.6033,1522150.873,2286349.139,2359.8,169.378213,63990.57,106887.3293,342874.6366,396615.2709
